{"timestamps": [1551572885.100722], "initial_reset_timestamp": 1551572872.551822, "episode_types": ["t"], "episode_lengths": [200], "episode_rewards": [200.0]}