{"timestamps": [1551572949.490767], "initial_reset_timestamp": 1551572940.110669, "episode_types": ["t"], "episode_lengths": [200], "episode_rewards": [200.0]}