{"timestamps": [1551572901.196512], "initial_reset_timestamp": 1551572887.792622, "episode_types": ["t"], "episode_lengths": [200], "episode_rewards": [200.0]}