{"timestamps": [1551572961.798827], "initial_reset_timestamp": 1551572952.12382, "episode_types": ["t"], "episode_lengths": [200], "episode_rewards": [200.0]}