{"timestamps": [1551572912.234929], "initial_reset_timestamp": 1551572902.882854, "episode_types": ["t"], "episode_lengths": [200], "episode_rewards": [200.0]}