{"timestamps": [1551572937.981319], "initial_reset_timestamp": 1551572926.565018, "episode_types": ["t"], "episode_lengths": [200], "episode_rewards": [200.0]}